{
  "assetsByChunkName": {
    "vendors~app-account~app-confirmation~app-order": "chunk.ea5aa40e56245385128d.js",
    "vendors~app-account~app-checkout": "chunk.64b487fa100f76ef73d9.js",
    "vendors~app-cart~app-checkout": "chunk.dca4b576fdfe084b342f.js",
    "admin": [
      "admin.df10205dc46f8d1bc5ee.js",
      "admin.df10205dc46f8d1bc5ee.js.map"
    ],
    "app-account": "chunk.e0b4c929a47280ada1a4.js",
    "app-checkout": "chunk.5462e02776d6560c1980.js",
    "app-confirmation": "chunk.6661ac90c60ff93566a6.js",
    "checkout": [
      "checkout.29a5a9b9e7c19538dae6.js",
      "checkout.29a5a9b9e7c19538dae6.js.map"
    ],
    "storefront": [
      "storefront.470105f0e4e9cca08df4.css",
      "storefront.6fe8a7d2ed56fe4264d6.js",
      "storefront.470105f0e4e9cca08df4.css.map",
      "storefront.6fe8a7d2ed56fe4264d6.js.map"
    ],
    "vendors~app-cart": "chunk.1502a162fe072bc4f8ad.js",
    "vendors~app-order": "chunk.74bf1e5b5d92d7b5e587.js"
  }
}