{
  "title": "Fretes e Prazos",
  "meta_title": "Fretes e Prazos",
  "meta_description": "Condições de entrega",
  "body": "* Para pedidos com entrega via Correios o prazo, bem como a entrega é de total responsabilidade dos Correios. A Fibra Nobre não se responsabiliza por atrasos por parte dos Correios, mas faremos de tudo pra ajudar na investigação e resolução de qualquer problema que possa ocorrer;\n\n\n* Todos os pedidos são postados em até **3 dias úteis** após o pagamento;\n\n\n* C﻿aso o pedido ainda não tenha sido postado, é possível alterar o endereço de entrega, se for necessário. Para isso, entre em contato pelo emai *fibranobrecontato@gmail.com* e faremos o possível para ajudar; \n\n\n* Não nos responsabilizamos por endereço incorreto, não recebimento ou destinatário ausente. O Correios faz 2 tentativas de entrega. Caso não tenha sucesso a encomenda é encaminhada para a central dos Correios mais próxima para retirada por parte do Destinatário. Caso a mercadoria retorne para nós, será cobrado do comprador um novo frete de envio.\n\n\\-﻿\n\n**L﻿inks úteis:**\n\nRastreamento de produtos dos Correios:\\\n[www.correios.com.br/rastreamento](http://www.correios.com.br/rastreamento)\n\n\\\nBuscar agências dos Correios:\\\n[www.correios.com.br/agencias](http://www.correios.com.br/agencias)\n\nF﻿ale com os Correios:\\\n[www.correios.com.br/falecomoscorreios](http://www.correios.com.br/falecomoscorreios)",
  "sections": []
}