{
  "meta_title": "",
  "meta_description": "",
  "sections": [
    {
      "type": "banner-slider",
      "autoplay": 9000,
      "full_width": false,
      "slides": [
        {
          "start": "2023-03-05T21:48:48.451Z",
          "end": "",
          "img": "/img/uploads/bannersite_fibranobre.png"
        }
      ]
    },
    {
      "type": "info-bar",
      "enabled": false
    },
    {
      "type": "collection-shelf",
      "shuffle": true,
      "collection_id": "63fbd232f4167e223c9e8e52:categories:TÁBUA DE CARNE PARA CHURRASCO:/tabuas-de-churrasco",
      "sort": "news",
      "title": "",
      "headless": false,
      "limit": 12,
      "page": 1
    },
    {
      "type": "page-title",
      "title": "Fibra Nobre",
      "description": "Tábuas de corte e servir produzidas artesanalmente. "
    }
  ]
}